{"cameraMode":{"drawMode":0,"name":"Shaded","section":"Shading Mode"},"sceneLighting":true,"audioPlay":false,"sceneViewState":{"m_AlwaysRefresh":false,"showFog":true,"showSkybox":false,"showFlares":true,"showImageEffects":true,"showParticleSystems":true,"showVisualEffectGraphs":true,"m_FxEnabled":true},"in2DMode":false,"pivot":{"x":-4.499998092651367,"y":1.8500995635986329,"z":-0.6649999618530273},"rotation":{"x":-0.007137390319257975,"y":0.9887603521347046,"z":-0.14065882563591004,"w":-0.05017226189374924},"size":55.39178466796875,"orthographic":false}